<?xml version="1.0" encoding="UTF-8"?>
<project-private xmlns="http://www.netbeans.org/ns/project-private/1">
    <open-files xmlns="http://www.netbeans.org/ns/projectui-open-files/2">
        <group>
            <file>file:/C:/Users/Luuk/Source/Repos/Visualization_2IV35/Assignment%202/VolVis/src/volume/Volume.java</file>
            <file>file:/C:/Users/Luuk/Source/Repos/Visualization_2IV35/Assignment%202/VolVis/src/volvis/RaycastRenderer.java</file>
            <file>file:/C:/Users/Luuk/Source/Repos/Visualization_2IV35/Assignment%202/VolVis/src/volvis/TransferFunction.java</file>
            <file>file:/C:/Users/Luuk/Source/Repos/Visualization_2IV35/Assignment%202/VolVis/src/volvis/RendererTypes.java</file>
            <file>file:/C:/Users/Luuk/Source/Repos/Visualization_2IV35/Assignment%202/VolVis/src/gui/RaycastRendererPanel.java</file>
        </group>
    </open-files>
</project-private>
